chemsys,molarity__Gamma-Butyrolactone (M),prepare__Gamma-Butyrolactone,prepare_FinalVolume (mL)
Gamma-Butyrolactone,13.00964107329539,6.46 milliliter,6.460000000000001
Gamma-Butyrolactone,13.009641073295388,15.0 milliliter,15.0
Gamma-Butyrolactone,13.009641073295388,5.0 milliliter,5.0
Gamma-Butyrolactone,13.00964107329539,8.0 milliliter,8.0
Gamma-Butyrolactone,13.009641073295388,6.0 milliliter,6.0
Gamma-Butyrolactone,13.009641073295391,4.84 milliliter,4.84
Gamma-Butyrolactone,13.00964107329539,5.51 milliliter,5.51
Gamma-Butyrolactone,13.009641073295388,7.5 milliliter,7.5
Gamma-Butyrolactone,13.00964107329539,5.5 milliliter,5.5
Gamma-Butyrolactone,13.00964107329539,7.81 milliliter,7.8100000000000005
